user_id,state,user_name
U254529,deleted,Daniel Hughes
U652606,active,Sophia Williams
U157612,active,Chloe Flores
U938803,deleted,Sophia Cook
U144991,deleted,Chloe Rogers
U556850,deleted,Aiden Morris
U533030,active,William Baker
U837978,deleted,Abigail Harris
U872282,active,Daniel Bennett
U288161,deleted,Aiden Allen
U295426,deleted,Isabella Watson
U346561,active,Chloe Wood
U617555,active,Alexander Bell
U934579,active,Madison Thomas
U292615,active,Noah Nelson
U833377,deleted,William Phillips
U966556,active,Daniel Phillips
U472423,active,Jayden Murphy
U215381,active,Emma King
U891624,active,Mia Mitchell
U443006,active,Ava Watson
U806445,active,Aiden Richardson
U358693,active,Emma Green
U297015,active,Abigail Hughes
U957176,active,Ethan Morris
U963617,active,Noah Adams
U917218,active,Alexander Cruz
U266829,active,Michael Parker
U266217,deleted,Sophia Thompson
U153712,active,Sophia Morgan
U180698,active,Sophia Thompson
U531649,active,Noah Thomas
U812256,active,Chloe Turner
U507687,active,Sophia Cox
U819537,active,Anthony Watson
U979173,active,William Allen
U948417,active,Ethan Hughes
U119052,deleted,Chloe Barnes
U877257,active,Ava Turner
U176749,active,Noah Hern
U522793,active,Madison Jackson
U213037,active,Alexander Reed
U824115,active,Michael Cox
U511908,active,Mia Hill
U700516,active,Madison Moore
U700672,active,Emily Miller
U476616,deleted,Emma Stewart
U977454,active,William Roberts
U401211,active,Isabella Gray
U192467,active,Alexander Stewart
U139455,active,William Gray
U189100,active,Sophia Watson
U387250,active,Olivia Price
